stop_id,stop_code,stop_name,stop_desc,stop_lat,stop_lon,location_type
1,,Avenida Tampico,,16.1939265,-95.2016037,
2,,Avenida Tampico,,16.1871108,-95.200873,
3,,Avenida Tampico,,16.1856451,-95.2002461,
4,,Avenida Oleoducto y Carretera Ramal a Refinería Pemex (Refinería del Pacifico),,16.2197122,-95.1900677,
5,,Carretera Coatzacoalcos - Salina Cruz,,16.2203509,-95.2081016,
6,,Carretera Ramal a Refinería Pemex (Refinería del Pacifico),,16.2214449,-95.2055722,
7,,Carretera Super Transístmica,,16.2221718,-95.2087044,
8,,Carretera Ramal a Refinería Pemex (Refinería del Pacifico),,16.2215619,-95.2065341,
9,,Calle Puebla,,16.207302,-95.2124695,
10,,Calle Chiapas,,16.2053687,-95.2134394,
11,,Calle 5 de Septiembre,,16.2156765,-95.2075961,
12,,Calle Puebla y Benito Juárez,,16.207322,-95.2060948,
13,,Carretera Super Transístmica y Carretera Coatzacoalcos - Salina Cruz y Calle Chiapas,,16.2060194,-95.2036665,
14,,Calle Manuel Ávila Camacho,,16.2192802,-95.2122208,
15,,Calle 5 de Septiembre y Calle Santa Cruz,,16.2187852,-95.2085147,
16,,Calle Puebla,,16.2071454,-95.2193374,
17,,Calle 5 de Septiembre y Calle Puebla,,16.2073163,-95.2049326,
18,,Calle Chiapas,,16.205459,-95.2114152,
19,,Calle Chiapas,,16.2055764,-95.2097404,
20,,Calle Santa Cruz,,16.219042,-95.2112619,
21,,Calle 5 de Septiembre,,16.2167853,-95.2078991,
22,,Calle Puebla,,16.2072917,-95.210242,
23,,Calle Puebla,,16.2072905,-95.2134874,
24,,Calle Puebla,,16.2072729,-95.211429,
25,,Calle Chiapas,,16.2051914,-95.2157754,
26,,Calle Chiapas,,16.205409,-95.2124628,
27,,Calle Puebla,,16.2081765,-95.2194044,
28,,Carretera Super Transístmica,,16.2074385,-95.2040863,
29,,Calle Puebla,,16.2073026,-95.2071904,
30,,Calle Chiapas y Calle 5 de Septiembre,,16.2059042,-95.2045323,
31,,Carretera Coatzacoalcos - Salina Cruz,,16.2159392,-95.2067269,
32,,Calle Puebla,,16.2072735,-95.2145162,
33,,Calzada Teniente José Azueta,,16.1620137,-95.2274685,
34,,Calzada Teniente José Azueta,,16.1630725,-95.2064855,
35,,Carretera Santiago Pinotepa Nacional - Salina Cruz,,16.194922,-95.2037671,
36,,Innominada,,16.1714151,-95.227484,
37,,Carretera Santiago Pinotepa Nacional - Salina Cruz,,16.1946399,-95.2044725,
38,,Calzada Teniente José Azueta,,16.1628419,-95.2094159,
39,,Carretera Santiago Pinotepa Nacional - Salina Cruz,,16.1938539,-95.2058191,
40,,Carretera Santiago Pinotepa Nacional - Salina Cruz,,16.1930449,-95.2073051,
41,,Carretera Santiago Pinotepa Nacional - Salina Cruz,,16.1930275,-95.208689,
42,,Carretera Santiago Pinotepa Nacional - Salina Cruz,,16.1930262,-95.2092697,
43,,Calzada Teniente José Azueta,,16.1628149,-95.212208,
44,,Calzada Teniente José Azueta,,16.1633933,-95.205422,
45,,Avenida Tampico,,16.1896081,-95.2018507,
46,,Calzada Teniente José Azueta,,16.1625895,-95.2109769,
47,,Calzada Teniente José Azueta,,16.1636251,-95.2043237,
48,,Calzada Teniente José Azueta,,16.1621477,-95.2088566,
49,,Calzada Teniente José Azueta,,16.1619815,-95.2048776,
50,,Entronque Carretero (Pinotepa - Salina Cruz) - Salinas del Marqués,,16.1781107,-95.2274195,
51,,Avenida Tampico,,16.1885726,-95.2016938,
52,,Calzada Teniente José Azueta,,16.163127,-95.2142785,
53,,Calzada Teniente José Azueta,,16.1619905,-95.2080774,
54,,Calzada Teniente José Azueta,,16.1629785,-95.2078334,
55,,Calzada Teniente José Azueta,,16.1638586,-95.2165315,
56,,Carretera Santiago Pinotepa Nacional - Salina Cruz,,16.1908818,-95.2084288,
57,,Carretera Santiago Pinotepa Nacional - Salina Cruz,,16.1900035,-95.208056,
58,,Carretera Santiago Pinotepa Nacional - Salina Cruz,,16.1896995,-95.2079876,
59,,Carretera Santiago Pinotepa Nacional - Salina Cruz,,16.1921247,-95.2098477,
60,,Carretera Santiago Pinotepa Nacional - Salina Cruz,,16.1913931,-95.2088754,
61,,Calzada Teniente José Azueta,,16.1627866,-95.2047475,
62,,Carretera Santiago Pinotepa Nacional - Salina Cruz,,16.1961765,-95.2021765,
63,,Avenida Tampico,,16.1823415,-95.19886,
64,,Calzada Teniente José Azueta,,16.1679584,-95.202818,
65,,Calzada Teniente José Azueta,,16.1723653,-95.2045953,
66,,Calzada Teniente José Azueta,,16.1697667,-95.2038989,
67,,Avenida Tampico,,16.1755371,-95.1938536,
68,,Calzada Teniente José Azueta,,16.1731942,-95.204198,
69,,Calzada Teniente José Azueta y Calle Las Pilas,,16.173466,-95.2031908,
70,,Avenida Bahía de la Ventosa,,16.1729854,-95.1866788,
71,,Avenida Bahía de la Ventosa,,16.1891071,-95.1826597,
72,,Boca del Río,,16.2069196,-95.1614368,
73,,Avenida Bahía de la Ventosa,,16.1872847,-95.1766208,
74,,Avenida Bahía de la Ventosa,,16.1811592,-95.1848029,
75,,Bahía la Ventosa,,16.1794629,-95.1617828,
76,,Avenida Bahía de la Ventosa,,16.18844,-95.1739507,
77,,Avenida Bahía de la Ventosa,,16.188346,-95.1794639,
78,,Avenida Bahía de la Ventosa,,16.1805861,-95.1845816,
79,,Bahía la Ventosa,,16.1799588,-95.1603559,
80,,Avenida Bahía de la Ventosa,,16.1853862,-95.1847208,
81,,Bahía la Ventosa,,16.1827614,-95.1654843,
82,,Bahía la Ventosa,,16.1814439,-95.1647011,
83,,Avenida Bahía de la Ventosa,,16.1723466,-95.1877946,
84,,Bahía la Ventosa,,16.1765276,-95.1579634,
85,,Avenida Bahía de la Ventosa,,16.1781056,-95.1842947,
86,,Bahía la Ventosa,,16.1792195,-95.1635879,
87,,Bahía la Ventosa,,16.1851416,-95.1684991,
88,,Avenida Bahía de la Ventosa,,16.1890466,-95.1816097,
89,,Avenida Bahía de la Ventosa,,16.1843636,-95.1851888,
90,,Boca del Río,,16.2067187,-95.1628074,
91,,Carretera Super Transístmica,,16.1999189,-95.2019781,
92,,Avenida Bahía de la Ventosa,,16.181812,-95.1850707,
93,,Bahía la Ventosa,,16.187136,-95.1706361,
94,,Boca del Río,,16.1926925,-95.1810979,
95,,Avenida Bahía de la Ventosa,,16.1725475,-95.1875827,
96,,Avenida Bahía de la Ventosa,,16.1879751,-95.1783481,
97,,Boca del Río,,16.1965126,-95.1761756,
98,,Avenida Bahía de la Ventosa,,16.1862878,-95.1845142,
99,,Avenida Bahía de la Ventosa,,16.187447,-95.1774818,
100,,Avenida Bahía de la Ventosa,,16.1880575,-95.1746252,
101,,Avenida Bahía de la Ventosa,,16.1731349,-95.1857454,
102,,Bahía la Ventosa,,16.1808642,-95.1646126,
103,,Avenida Bahía de la Ventosa,,16.1771541,-95.1844534,
104,,Boca del Río,,16.1891058,-95.1841535,
105,,Bahía la Ventosa,,16.1796523,-95.1597845,
106,,Avenida Bahía de la Ventosa,,16.1814721,-95.1849474,
107,,Avenida Bahía de la Ventosa,,16.1759981,-95.184643,
108,,Bahía la Ventosa,,16.1790341,-95.1631186,
109,,Avenida Bahía de la Ventosa,,16.1876454,-95.1752046,
110,,Avenida Bahía de la Ventosa,,16.1836758,-95.1851928,
111,,Bahía la Ventosa,,16.1823905,-95.1649907,
112,,Avenida Bahía de la Ventosa,,16.1872666,-95.1846108,
113,,Entronque Carretero (Pinotepa - Salina Cruz) - Salinas del Marqués,,16.1734144,-95.2274886,
114,,Avenida Tampico,,16.1709105,-95.1908762,
115,,Avenida Tampico y Avenida 5 de Mayo,,16.1712428,-95.1896828,
116,,Avenida 5 de Mayo,,16.1731159,-95.1904033,
117,,Calle Libertad y Avenida 5 de Mayo,,16.1741431,-95.1908034,
118,,Calle Coatzacoalcos y Avenida 5 de Mayo,,16.1752189,-95.1912184,
119,,Carretera Acceso al Puerto Salina Cruz,,16.1752862,-95.209773,
120,,Avenida Manuel Ávila Camacho,,16.1759043,-95.1927882,
121,,Carretera Acceso al Puerto Salina Cruz,,16.1760692,-95.2141033,
122,,20 de Noviembre y Calle Virgilio Uribe,,16.1765947,-95.1975187,
123,,Avenida Puerto Ángel y Calle Acapulco,,16.1766575,-95.1905829,
124,,Avenida Manuel Ávila Camacho,,16.1769009,-95.1931759,
125,,Calle Progreso,,16.1773822,-95.198926,
126,,Carretera Acceso al Puerto Salina Cruz,,16.1771581,-95.2170551,
127,,Avenida Tampico y Calle Guaymas,,16.1776536,-95.1946375,
128,,Calle Morelos y Calle Progreso y 20 de Noviembre,,16.1776621,-95.1979662,
129,,Avenida Puerto Ángel,,16.1776845,-95.1909873,
130,,Calle Progreso y Calle Virgilio Uribe,,16.1779213,-95.1972281,
131,,Calle Guaymas y Avenida Manuel Ávila Camacho,,16.1779633,-95.1935838,
132,,Carretera Acceso al Puerto Salina Cruz,,16.1778307,-95.2182657,
133,,Avendia Hidalgo,,16.1783577,-95.1993723,
134,,Avenida 5 de Mayo,,16.1783807,-95.1924188,
135,,Avenida Tampico y Calle Progreso,,16.1787256,-95.195053,
136,,Carretera Acceso al Puerto Salina Cruz,,16.178574,-95.2196835,
137,,Avenida Manuel Ávila Camacho y Calle Progreso,,16.1790145,-95.1939875,
138,,Avendia Hidalgo,,16.1794117,-95.1997561,
139,,Avenida 5 de Mayo y Calle Progreso,,16.1794342,-95.1928192,
140,,Calle Morelos,,16.1797608,-95.1986951,
141,,Calle Progreso y Avenida Puerto Ángel,,16.1797893,-95.1918065,
142,,Avendia Hidalgo,,16.1804793,-95.2001438,
143,,Calle Morelos,,16.1808134,-95.199084,
144,,Calle de Manzanillo,,16.1816891,-95.1897975,
145,,Avenida Tampico,,16.1819164,-95.1980245,
146,,Avenida Tampico,,16.1824072,-95.1987956,
147,,Avenida Tampico,,16.182612,-95.198974,
148,,Avenida 5 de Mayo y Calle Tuxpan,,16.1826261,-95.1940508,
149,,Porfirio Díaz,,16.1831982,-95.1884223,
150,,Avenida Manuel Ávila Camacho,,16.1833184,-95.1956399,
151,,Calle Benito Juárez,,16.1838716,-95.1940374,
152,,Calle Benito Juárez,,16.1840802,-95.1884732,
153,,Avenida Tampico,,16.1840725,-95.1996472,
154,,Avenida Tampico,,16.1842219,-95.1996124,
155,,Calle Benito Juárez y Calle Laborista y Lomas de Oriente,,16.1848981,-95.1944002,
156,,Avenida Tampico,,16.1852832,-95.2000147,
157,,Calle Benito Juárez,,16.185336,-95.1897673,
158,,Calle Benito Juárez,,16.1858557,-95.1911044,
159,,Calle Constancia y Avenida Manuel Ávila Camacho,,16.1864377,-95.1968243,
160,,Avenida Tampico,,16.1870464,-95.1982907,
161,,Lomas de Oriente,,16.1872924,-95.1959941,
162,,Tanque de Agua,,16.1874946,-95.1993455,
163,,Calle División del Norte,,16.1876208,-95.197598,
164,,Lomas de Oriente,,16.1876156,-95.196383,
165,,Calle División del Norte y Calle Benito Juárez y Lomas de Oriente y Avenida 5 de Mayo,,16.1880355,-95.1966056,
166,,Calle División del Norte y Avenida Tampico,,16.187993,-95.1985415,
167,,Calle Morelos,,16.1887297,-95.2020505,
168,,Calle División del Norte,,16.1888868,-95.1993844,
169,,Tanque de Agua,,16.1890388,-95.1998216,
170,,Tanque de Agua y Calle División del Norte,,16.1898907,-95.1999275,
171,,Avenida 5 de Mayo,,16.1902125,-95.1955531,
172,,Avenida 5 de Mayo,,16.1908973,-95.1948716,
173,,20 de Noviembre,,16.1909926,-95.2021337,
174,,20 de Noviembre y Calle 18 de Marzo,,16.1918427,-95.2025813,
175,,Avenida Tampico,,16.1920605,-95.2015942,
176,,Avenida Tampico,,16.1939472,-95.2015224,
177,,18 de Marzo,,16.1976336,-95.2013312,
178,,Camino Viejo a la Ventosa,,16.1972837,-95.1944012,
179,,18 de Marzo,,16.199422,-95.2005681,
180,,Carretera Super Transístmica,,16.1998856,-95.2018799,
181,,Avenida Francisco Villa,,16.2008151,-95.1942561,
182,,Calle Benito Juárez,,16.2013537,-95.2114139,
183,,Avenida Francisco Villa,,16.2017809,-95.1942351,
184,,Carretera Coatzacoalcos - Salina Cruz y Carretera Super Transístmica y Colima,,16.2019086,-95.2023831,
185,,Calle Benito Juárez,,16.2023826,-95.2109762,
186,,18 de Marzo,,16.2024811,-95.1989403,
187,,Calle Tlaxcala,,16.2027483,-95.2100958,
188,,Avenida Francisco Villa,,16.2027333,-95.1941197,
189,,Manuel Ávila Camacho,,16.2035081,-95.2101937,
190,,18 de Marzo,,16.2036459,-95.1983424,
191,,Miguel Hidalgo,,16.2041228,-95.2004579,
192,,Francisco I. Madero y Miguel Hidalgo,,16.2043759,-95.19946,
193,,Calle Veracruz,,16.204638,-95.2084298,
194,,Avenida Oleoducto,,16.2048057,-95.1977441,
195,,Arturo Lona Reyes y Calle Chiapas,,16.2051192,-95.2168134,
196,,Calle Chiapas,,16.2052822,-95.2145142,
197,,Francisco I. Madero,,16.2053391,-95.1997185,
198,,Calle Chiapas,,16.2056461,-95.2087103,
199,,Francisco I. Madero,,16.2062748,-95.1999658,
200,,Benito Juárez,,16.2067754,-95.2059301,
201,,Avenida Oleoducto,,16.2069355,-95.1966589,
202,,Víctor Henestroza y Calle Puebla,,16.2071501,-95.219108,
203,,Calle Puebla,,16.2071684,-95.2182419,
204,,Calle Puebla,,16.2071913,-95.2171808,
205,,Calle Puebla,,16.2072125,-95.2161723,
206,,Calle Puebla,,16.2072222,-95.2157378,
207,,Calle Puebla,,16.2072487,-95.2150885,
208,,Francisco I. Madero,,16.2073196,-95.2002404,
209,,Calle Puebla,,16.207295,-95.2091775,
210,,Víctor Henestroza,,16.2081649,-95.2191415,
211,,Rodrigo Carrasco,,16.2081723,-95.2186917,
212,,Francisco I. Madero,,16.2082602,-95.2005056,
213,,Rodrigo Carrasco,,16.209398,-95.2187267,
214,,Avenida Revolución,,16.2094797,-95.2206396,
215,,Calle Puebla y Calle 5 de Abril,,16.2094758,-95.2195318,
216,,Calle El Diamante y Avenida Revolución,,16.209512,-95.2224035,
217,,Avenida Revolución,,16.2097064,-95.2201232,
218,,Benito Juárez y Víctor Henestroza,,16.2097978,-95.2191831,
219,,Benito Juárez,,16.2098308,-95.2195321,
220,,Benito Juárez y José Vasconcelos,,16.2099673,-95.2207989,
221,,José Vasconcelos,,16.2101945,-95.2207476,
222,,José Vasconcelos,,16.2108826,-95.2205906,
223,,José Vasconcelos,,16.2111286,-95.220537,
224,,José Vasconcelos y Calle Leñador,,16.2117727,-95.2203903,
225,,Libertad y Calle Independencia,,16.2120905,-95.2265456,
226,,Fredy León,,16.2123124,-95.2224423,
227,,Calle Independencia,,16.2122604,-95.2265225,
228,,Calle Leñador,,16.2123612,-95.2216745,
229,,Libertad,,16.2125897,-95.2259262,
230,,Avenida Oleoducto y Avenida Carlos A. Madrazo,,16.2126751,-95.1936844,
231,,Calle Leñador,,16.2127906,-95.2228215,
232,,Libertad,,16.2129045,-95.2253964,
233,,Calle Leñador y Independencia y Libertad,,16.2130071,-95.2248814,
234,,Calle Leñador,,16.2130536,-95.2244797,
235,,Calle Independencia,,16.2131099,-95.2263586,
236,,Independencia y Francisco I. Madero,,16.213522,-95.2246441,
237,,Francisco I. Madero,,16.2136573,-95.2250344,
238,,Calle Independencia,,16.2138294,-95.2269364,
239,,Francisco I. Madero,,16.2140737,-95.2262402,
240,,Calle Independencia,,16.2141247,-95.2278775,
241,,Calle Nogales y Calle del Bosque,,16.2193774,-95.2172948,
242,,Calle Manuel Ávila Camacho,,16.2194116,-95.2130103,
243,,Calle del Bosque,,16.2194907,-95.2162609,
244,,Calle del Bosque,,16.219586,-95.2152121,
245,,Calle Nogales,,16.2203334,-95.2174654,
246,,Calle Nogales,,16.2218454,-95.2176142,
247,,Calle Benito Juárez,,16.2230686,-95.2175208,
248,,Calle Francisco I. Madero,,16.2235522,-95.2153355,
249,,Calle Francisco I. Madero,,16.2236192,-95.216521,
250,,Calle Francisco I. Madero,,16.2239012,-95.2196485,
251,,Calle Francisco I. Madero y Calle Benito Juárez,,16.2241329,-95.2174571,
252,,Calle Francisco I. Madero,,16.2241484,-95.2175537,
253,,Carretera Acceso al Puerto Salina Cruz,,16.1806547,-95.2263921,
254,,Carretera Acceso al Puerto Salina Cruz,,16.180433,-95.22407,
255,,Carretera Acceso al Puerto Salina Cruz,,16.1790399,-95.2205403,
256,,Carretera Acceso al Puerto Salina Cruz,,16.1764648,-95.215455,
257,,Carretera Santiago Pinotepa Nacional - Salina Cruz,,16.1929914,-95.20817,
258,,Carretera Santiago Pinotepa Nacional - Salina Cruz,,16.1930925,-95.2071255,
259,,Carretera Santiago Pinotepa Nacional - Salina Cruz,,16.1944506,-95.2048333,
260,,Carretera Santiago Pinotepa Nacional - Salina Cruz,,16.195007,-95.2035807,
261,,Calle Veracruz,,16.204783,-95.206355,
262,,Colima,,16.2012892,-95.2053075,
263,,Calle Chiapas,,16.2057529,-95.2066602,
264,,Calle Morelos,,16.1829605,-95.1997315,
265,,Balisas,,16.1751102,-95.2000571,
266,,Balisas,,16.1770338,-95.2009003,
267,,Balisas,,16.1766075,-95.2007768,
268,,Balisas,,16.1760775,-95.2006878,
269,,Balisas,,16.1738461,-95.1994983,
270,,Innominada,,16.1637334,-95.2275546,
271,,Innominada,,16.1694304,-95.2275102,
272,,Innominada,,16.1704275,-95.227497,
273,,Entronque Carretero (Pinotepa - Salina Cruz) - Salinas del Marqués,,16.1746502,-95.227485,
274,,Entronque Carretero (Pinotepa - Salina Cruz) - Salinas del Marqués,,16.1755536,-95.2274606,
275,,Innominada,,16.1791705,-95.2273169,
276,,Innominada,,16.1801855,-95.227274,
277,,Carretera Acceso al Puerto Salina Cruz,,16.1805834,-95.2250062,
278,,Carretera Acceso al Puerto Salina Cruz,,16.180054,-95.2226566,
279,,Carretera Acceso al Puerto Salina Cruz,,16.1796882,-95.2217258,
280,,Carretera Acceso al Puerto Salina Cruz,,16.1749793,-95.2086917,
281,,Carretera Acceso al Puerto Salina Cruz,,16.1745413,-95.2076435,
282,,Carretera Acceso al Puerto Salina Cruz,,16.1739837,-95.2064198,
283,,Carretera Acceso al Puerto Salina Cruz,,16.1736346,-95.2055173,
284,,Carretera Acceso al Puerto Salina Cruz,,16.1734144,-95.2043961,
285,,Carretera Acceso al Puerto Salina Cruz,,16.1732096,-95.2031542,
286,,Calzada Teniente José Azueta,,16.1728038,-95.2020318,
287,,Calzada Teniente José Azueta,,16.1725839,-95.2007567,
288,,Calzada Teniente José Azueta,,16.172429,-95.1994917,
289,,Calzada Teniente José Azueta,,16.1726093,-95.1984738,
290,,Calzada Teniente José Azueta,,16.1734305,-95.1976188,
291,,Calzada Teniente José Azueta,,16.1742851,-95.1957835,
292,,Calzada Teniente José Azueta,,16.1745279,-95.194826,
293,,Calzada Teniente José Azueta,,16.174951,-95.194421,
294,,Transístmica y Calle Mazatlán,,16.1764707,-95.19449,
295,,Transístmica y Calle Guaymas,,16.1775329,-95.1948953,
296,,Avenida 5 de Mayo,,16.17743275,-95.19205649,
297,,Calle Progreso y Avenida Manuel Ávila Camacho,,16.1791164,-95.1939365,
298,,Avenida Manuel Ávila Camacho,,16.1801159,-95.1943434,
299,,Avenida Manuel Ávila Camacho,,16.1811681,-95.1947242,
300,,Avenida Manuel Ávila Camacho,,16.1822178,-95.1951398,
301,,Avenida Manuel Ávila Camacho,,16.1833455,-95.1955602,
302,,Avenida Manuel Ávila Camacho,,16.1843745,-95.1959572,
303,,Avenida Manuel Ávila Camacho,,16.1854116,-95.1963747,
304,,Avenida Manuel Ávila Camacho,,16.1864639,-95.1967502,
305,,Calle Constancia y Avenida Tampico,,16.1861253,-95.1978827,
306,,Calle Constancia y Avenida del Trabajo,,16.1857428,-95.1989892,
307,,Avenida del Trabajo y Obrero,,16.1867434,-95.199354,
308,,Tanque de Agua,,16.1879454,-95.1994461,
309,,Calle División del Norte,,16.1896622,-95.1998082,
310,,Calle División del Norte,,16.1887658,-95.1992932,
311,,Calle División del Norte,,16.1880986,-95.1986642,
312,,Calle Benito Juárez,,16.1888031,-95.1972936,
313,,Calle Benito Juárez,,16.1895411,-95.1973392,
314,,Calle Benito Juárez,,16.1905796,-95.1975409,
315,,Calle Benito Juárez,,16.1915985,-95.1977806,
316,,Calle Benito Juárez,,16.1927583,-95.1982422,
317,,Calle Benito Juárez,,16.1935781,-95.1986113,
318,,Calle Benito Juárez,,16.1945671,-95.1992516,
319,,Calle Benito Juárez,,16.1954933,-95.1997475,
320,,Calle Benito Juárez,,16.1957132,-95.1998203,
321,,Calle Benito Juárez,,16.191983,-95.1976959,
322,,Calle Benito Juárez,,16.191075,-95.1976692,
323,,Calle Benito Juárez,,16.190102,-95.1973311,
324,,Calle Benito Juárez,,16.189288,-95.1975729,
325,,Calle Benito Juárez,,16.1885533,-95.1968376,
326,,Calle División del Norte,,16.1877844,-95.1969838,
327,,Calle División del Norte,,16.1877019,-95.1979373,
328,,Calle División del Norte,,16.1881965,-95.1987353,
329,,Tanque de Agua,,16.1885893,-95.199654,
330,,Avenida del Trabajo,,16.1867087,-95.1994408,
331,,Avenida del Trabajo,,16.1857159,-95.1990626,
332,,Calle Constancia,,16.1860325,-95.197932,
333,,Avenida Manuel Ávila Camacho,,16.1854713,-95.1964659,
334,,Avenida Manuel Ávila Camacho,,16.184405,-95.1960648,
335,,Avenida Manuel Ávila Camacho y Calle Tuxpan,,16.1822706,-95.1952404,
336,,Avenida Manuel Ávila Camacho,,16.1812125,-95.1948312,
337,,Avenida Manuel Ávila Camacho y Calle Manzanillo,,16.1801559,-95.1944483,
338,,Avenida Manuel Ávila Camacho y Calle Progreso,,16.1790883,-95.1940158,
339,,Avenida Manuel Ávila Camacho,,16.1780251,-95.1936086,
340,,Avenida Manuel Ávila Camacho y Calle Mazatlán,,16.1769732,-95.1932036,
341,,Avenida Manuel Ávila Camacho,,16.1748559,-95.1923906,
342,,Avenida Manuel Ávila Camacho,,16.1737913,-95.1919821,
343,,Calle Libertad y Avenida 5 de Mayo,,16.1741167,-95.1908802,
344,,Avenida 5 de Mayo,,16.1742029,-95.1908266,
345,,Calle Tuxpan,,16.1818888,-95.1962911,
346,,Calle Tuxpan,,16.1814901,-95.1972346,
347,,Avenida Tampico,,16.1837157,-95.1994206,
348,,Avenida Tampico,,16.186195,-95.200358,
349,,Avenida Tampico,,16.1870361,-95.2007255,
350,,Avenida Tampico,,16.1882635,-95.201451,
351,,Avenida Tampico,,16.189165,-95.2017528,
352,,Avenida Tampico,,16.1908149,-95.2016562,
353,,Avenida Tampico,,16.1929962,-95.2015095,
354,,Avenida Tampico,,16.1949582,-95.2015846,
355,,Avenida Tampico,,16.1961918,-95.2016482,
356,,Carretera Super Transístmica,,16.1983386,-95.2018017,
357,,Carretera Super Transístmica,,16.2008204,-95.2019459,
358,,Carretera Super Transístmica y Colima,,16.2019382,-95.2022772,
359,,Carretera Super Transístmica,,16.2030947,-95.2026312,
360,,Carretera Super Transístmica,,16.2042254,-95.2029598,
361,,Carretera Super Transístmica y Calle Chiapas,,16.2060593,-95.2035351,
362,,Carretera Super Transístmica,,16.2074619,-95.203983,
363,,Carretera Super Transístmica,,16.2087597,-95.2043677,
364,,Carretera Super Transístmica,,16.2105054,-95.2048977,
365,,Carretera Super Transístmica,,16.2115067,-95.2052195,
366,,Carretera Super Transístmica,,16.2124465,-95.2055215,
367,,Carretera Super Transístmica,,16.2137957,-95.2059514,
368,,Carretera Super Transístmica,,16.2150313,-95.2063152,
369,,Carretera Super Transístmica,,16.2159765,-95.2066203,
370,,Carretera Super Transístmica,,16.218167,-95.2073251,
371,,Carretera Super Transístmica,,16.2197863,-95.2078454,
372,,Carretera Super Transístmica,,16.2211879,-95.2082836,
373,,Carretera Super Transístmica,,16.2221763,-95.2086293,
374,,Carretera Super Transístmica,,16.2236407,-95.2090712,
375,,Carretera Super Transístmica,,16.224651,-95.2093795,
376,,Carretera Super Transístmica y Carretera Coatzacoalcos - Salina Cruz,,16.225722,-95.2097096,
377,,Carretera Coatzacoalcos - Salina Cruz,,16.2269774,-95.2100891,
378,,Carretera Coatzacoalcos - Salina Cruz,,16.2285281,-95.2105642,
379,,Carretera Coatzacoalcos - Salina Cruz,,16.2298007,-95.2109528,
380,,Carretera Coatzacoalcos - Salina Cruz,,16.2309641,-95.2113017,
381,,Carretera Coatzacoalcos - Salina Cruz,,16.2318635,-95.2115725,
382,,Carretera Coatzacoalcos - Salina Cruz,,16.2327484,-95.2118389,
383,,Carretera Coatzacoalcos - Salina Cruz,,16.2338111,-95.2121588,
384,,Carretera Coatzacoalcos - Salina Cruz,,16.2351482,-95.2126137,
385,,Carretera Coatzacoalcos - Salina Cruz,,16.2361204,-95.2129389,
386,,Carretera Coatzacoalcos - Salina Cruz,,16.2386031,-95.2136918,
387,,Carretera Coatzacoalcos - Salina Cruz,,16.2400897,-95.2141269,
388,,Carretera Coatzacoalcos - Salina Cruz,,16.2400492,-95.2142826,
389,,Carretera Coatzacoalcos - Salina Cruz,,16.2357972,-95.2129684,
390,,Carretera Coatzacoalcos - Salina Cruz,,16.2346097,-95.212609,
391,,Carretera Coatzacoalcos - Salina Cruz,,16.2335645,-95.2122898,
392,,Carretera Coatzacoalcos - Salina Cruz,,16.2320135,-95.2117836,
393,,Carretera Coatzacoalcos - Salina Cruz,,16.231125,-95.2115341,
394,,Carretera Coatzacoalcos - Salina Cruz,,16.2297794,-95.2110486,
395,,Carretera Coatzacoalcos - Salina Cruz,,16.2262448,-95.2099503,
396,,Carretera Super Transístmica,,16.2237557,-95.2091865,
397,,Carretera Super Transístmica,,16.2227625,-95.2088891,
398,,Carretera Super Transístmica,,16.2214687,-95.2084778,
399,,Carretera Coatzacoalcos - Salina Cruz,,16.2187989,-95.207618,
400,,Carretera Super Transístmica,,16.212459,-95.2056444,
401,,Carretera Super Transístmica,,16.2109626,-95.2051867,
402,,Carretera Super Transístmica,,16.2087274,-95.204489,
403,,Carretera Coatzacoalcos - Salina Cruz,,16.2048655,-95.2032991,
404,,Carretera Coatzacoalcos - Salina Cruz y Miguel Hidalgo,,16.2035442,-95.2028766,
405,,Carretera Super Transístmica,,16.2010483,-95.2020934,
406,,Carretera Super Transístmica,,16.1988486,-95.2019231,
407,,Carretera Super Transístmica y Carretera Santiago Pinotepa Nacional - Salina Cruz,,16.1966238,-95.2017902,
408,,Avenida Tampico,,16.192976,-95.2016134,
409,,Avenida Tampico,,16.1911677,-95.2017166,
410,,Avenida Tampico,,16.1832122,-95.1993307,
411,,Avenida Tampico,,16.1817792,-95.1979659,
412,,Avenida Tampico,,16.1811809,-95.1969014,
413,,Transístmica,,16.1805306,-95.1961376,
414,,Transístmica,,16.1796947,-95.1957326,
415,,Avenida Tampico y Calle Mazatlán,,16.1765961,-95.1942456,
416,,Avenida Tampico,,16.1744808,-95.1934331,
417,,Avenida Tampico,,16.1723866,-95.1926352,
418,,Avenida Tampico,,16.1714916,-95.1922986,
419,,Avenida Tampico,,16.1707013,-95.1918907,
420,,Avenida Manuel Ávila Camacho,,16.1713009,-95.1909359,
421,,Calle Coatzacoalcos y Avenida 5 de Mayo,,16.1751905,-95.1912989,
422,,Avenida 5 de Mayo,,16.1761692,-95.191576,
423,,Avenida 5 de Mayo,,16.1772434,-95.1919834,
424,,Avenida 5 de Mayo,,16.178146,-95.1923289,
425,,Calle Progreso,,16.1787561,-95.1949724,
426,,Calle Progreso,,16.1782592,-95.1962917,
427,,Calle Progreso,,16.1779365,-95.1971934,
428,,Calle Morelos,,16.1781055,-95.1981131,
429,,Calle Morelos,,16.181882,-95.1994545,
430,,Calle Morelos,,16.1840509,-95.2000568,
431,,Calle Morelos,,16.1851405,-95.2004644,
432,,Calle Morelos,,16.1862126,-95.2008925,
433,,Calle Morelos,,16.1878371,-95.201706,
434,,Calle Morelos,,16.189706,-95.2021538,
435,,Calle 18 de Marzo,,16.1927361,-95.2024294,
436,,Calle 18 de Marzo,,16.1940294,-95.2023343,
437,,Calle 18 de Marzo,,16.1953096,-95.2023375,
438,,Calle 5 de Septiembre,,16.2050187,-95.204313,
439,,Calle Veracruz,,16.2048874,-95.205355,
440,,Calle Veracruz,,16.2047032,-95.2073963,
441,,Calle Veracruz,,16.2045526,-95.2094507,
442,,Calle Veracruz y Manuel Ávila Camacho,,16.2044742,-95.2104732,
443,,Calle Benito Juárez,,16.200445,-95.2113189,
444,,Calle Benito Juárez,,16.1999288,-95.2123317,
445,,Innominada,,16.1987993,-95.2123606,
446,,Calle Benito Juárez,,16.2003626,-95.2114295,
447,,Calle Benito Juárez,,16.2022306,-95.2110883,
448,,Calle Tlaxcala,,16.2027741,-95.210195,
449,,Calle Veracruz,,16.2049389,-95.204386,
450,,Calle Morelos,,16.1899674,-95.2021444,
451,,Calle Morelos,,16.1890085,-95.2021176,
452,,Calle Morelos,,16.1869643,-95.2012603,
453,,Calle Morelos,,16.1852215,-95.2004971,
454,,Calle Morelos,,16.1819607,-95.1994842,
455,,Calle Morelos,,16.1809028,-95.1991135,
456,,Calle Morelos,,16.1798376,-95.1987209,
457,,Calle Morelos,,16.1787772,-95.1983373,
458,,Calle Progreso y Calle Morelos,,16.1777096,-95.1979819,
459,,Calle Progreso,,16.1779649,-95.1971209,
460,,Calle Progreso,,16.1784529,-95.1957482,
461,,Avenida Manuel Ávila Camacho,,16.1772773,-95.1933204,
462,,Carretera Santiago Pinotepa Nacional - Salina Cruz,,16.195593,-95.2028377,
463,,Carretera Santiago Pinotepa Nacional - Salina Cruz,,16.1940562,-95.2054788,
464,,Carretera Santiago Pinotepa Nacional - Salina Cruz,,16.1935296,-95.2063808,
465,,Carretera Santiago Pinotepa Nacional - Salina Cruz,,16.1930069,-95.2083671,
466,,Carretera Santiago Pinotepa Nacional - Salina Cruz,,16.1930197,-95.2093582,
467,,Carretera Santiago Pinotepa Nacional - Salina Cruz,,16.1906139,-95.2083135,
468,,5 de Mayo,,16.1886936,-95.2084945,
469,,5 de Mayo,,16.1876144,-95.2085777,
470,,Calle 5 de Mayo,,16.186857,-95.2090095,
471,,Calle 5 de Mayo,,16.1858087,-95.2090578,
472,,Calle 5 de Mayo,,16.1847332,-95.2088928,
473,,Calle 5 de Mayo,,16.1837808,-95.2088801,
474,,Calle 5 de Mayo,,16.1828257,-95.2082344,
475,,Calle 5 de Mayo,,16.1819794,-95.2076735,
476,,Calle San Juan y Avenida Costera,,16.1811352,-95.2070933,
477,,Avenida Costera,,16.181115,-95.2080685,
478,,Oaxaca y Avenida Costera,,16.1811451,-95.209123,
479,,Oaxaca,,16.1809826,-95.2102481,
480,,Oaxaca,,16.1812924,-95.2112418,
481,,Oaxaca,,16.1812851,-95.211269,
482,,Avenida Costera,,16.1811226,-95.2112004,
483,,Avenida Costera,,16.1805973,-95.2101441,
484,,Avenida Costera,,16.1811145,-95.2091639,
485,,Calle 5 de Mayo,,16.1818239,-95.2075531,
486,,Calle 5 de Mayo,,16.1826487,-95.2081251,
487,,Calle 5 de Mayo,,16.1833023,-95.2087976,
488,,Calle 5 de Mayo,,16.1843623,-95.2088486,
489,,Calle 5 de Mayo,,16.1853604,-95.2090243,
490,,Calle 5 de Mayo,,16.1865138,-95.2090745,
491,,5 de Mayo y Calle 5 de Mayo,,16.1872769,-95.2085415,
492,,5 de Mayo,,16.1881926,-95.2085884,
493,,Carretera Santiago Pinotepa Nacional - Salina Cruz,,16.1890923,-95.2083698,
494,,Carretera Santiago Pinotepa Nacional - Salina Cruz,,16.1916906,-95.2093595,
495,,Carretera Santiago Pinotepa Nacional - Salina Cruz,,16.1923925,-95.2099161,
496,,Colima,,16.2017213,-95.2032536,
497,,Colima,,16.2015158,-95.2043049,
498,,Calle Tlaxcala y Porfirio Díaz,,16.2008068,-95.2045853,
499,,Porfirio Díaz,,16.1997953,-95.2050157,
500,,Calle Díaz Mirón,,16.1990225,-95.2049955,
501,,Juárez,,16.1983496,-95.2045745,
502,,Pensador Mexicano,,16.1979522,-95.2053122,
503,,5 de Junio,,16.19749,-95.2059397,
504,,Calle 12 de Mayo,,16.1962736,-95.2063233,
505,,Innominada,,16.1965061,-95.2072835,
506,,Innominada,,16.1972363,-95.2078293,
507,,Lázaro Cárdenas,,16.1981391,-95.2081405,
508,,Lázaro Cárdenas,,16.1988725,-95.2087178,
509,,Lázaro Cárdenas,,16.1998617,-95.2089443,
510,,Lázaro Cárdenas,,16.1981899,-95.2081747,
511,,Innominada,,16.1972994,-95.2078542,
512,,Calle 12 de Mayo,,16.1971487,-95.2061288,
513,,Pensador Mexicano,,16.1978439,-95.2058215,
514,,Pensador Mexicano,,16.1979433,-95.204842,
515,,Juárez,,16.1988791,-95.2044482,
516,,Porfirio Díaz y Calle Díaz Mirón,,16.1990199,-95.2053448,
517,,Porfirio Díaz,,16.2002872,-95.2048185,
518,,Calle Tlaxcala,,16.2010598,-95.2053294,
519,,Carretera Super Transístmica,,16.2013896,-95.2022034,
520,,Carretera Super Transístmica,,16.2004263,-95.2020156,
521,,Carretera Super Transístmica,,16.1993054,-95.2019591,
522,,Carretera Super Transístmica,,16.1983342,-95.2018957,
523,,Calle Progreso,,16.1794783,-95.192696,
524,,Avenida 5 de Mayo,,16.1802885,-95.1931512,
525,,Avenida 5 de Mayo,,16.1815632,-95.1936318,
526,,Calle Laborista y Avenida Puerto Ángel,,16.1851608,-95.1934782,
527,,Avenida Puerto Ángel,,16.1861538,-95.193855,
528,,Avenida Puerto Ángel y Periférico Juárez,,16.1872003,-95.1944049,
529,,Periférico Juárez,,16.1866858,-95.1933736,
530,,Periférico Juárez,,16.1861004,-95.1926279,
531,,Calle Benito Juárez,,16.186074,-95.1918588,
532,,Calle Benito Juárez,,16.1844743,-95.1894341,
533,,Calle de Manzanillo,,16.1821946,-95.1889627,
534,,Calle de Manzanillo,,16.1816086,-95.1908563,
535,,Avenida la Paz,,16.1814502,-95.1911755,
536,,Avenida la Paz y Calle Progreso,,16.180285,-95.1907075,
537,,Calle Progreso,,16.1798995,-95.1916811,
538,,Avenida Manuel Ávila Camacho,,16.1767998,-95.1930493,
539,,Avenida Manuel Ávila Camacho,,16.1779917,-95.1935045,
540,,Avenida Manuel Ávila Camacho y Calle Progreso,,16.1790426,-95.1939081,
541,,Calle 5 de Septiembre,,16.2180027,-95.2082738,
542,,Calle Santa Cruz,,16.2189046,-95.2099415,
543,,Calle Venus,,16.2206954,-95.2122489,
544,,Calle Francisco I. Madero,,16.2215914,-95.212016,
545,,Calle Francisco I. Madero,,16.2227145,-95.2118862,
546,,Calle Francisco I. Madero,,16.223632,-95.2122201,
547,,Calle Francisco I. Madero,,16.2241664,-95.2132957,
548,,Calle Francisco I. Madero,,16.224028,-95.2143689,
549,,Calle Francisco I. Madero,,16.2238883,-95.2184844,
550,,Calle Francisco I. Madero,,16.2239179,-95.2197397,
551,,Calle Francisco I. Madero,,16.2239137,-95.2187097,
552,,Calle del Bosque,,16.2197206,-95.2141721,
553,,Calle Santa Cruz y Calle Manuel Ávila Camacho,,16.2190806,-95.2117078,
554,,Calle Santa Cruz,,16.2189777,-95.2107261,
555,,Carretera Coatzacoalcos - Salina Cruz y Carretera Super Transístmica,,16.2158542,-95.2066974,
556,,Avenida Tampico,,16.1758931,-95.1939854,
557,,Calle Puebla,,16.2073021,-95.2071189,
558,,Calle Puebla,,16.207299,-95.2081484,
559,,Calle Puebla,,16.2072054,-95.2167799,
560,,Calle Puebla,,16.2071735,-95.2180256,
561,,Benito Juárez y Fredy León y Calle El Diamante,,16.210043,-95.2224074,
562,,Fredy León,,16.2110095,-95.222421,
563,,Calle Leñador,,16.212866,-95.2233503,
564,,Francisco I. Madero,,16.2138848,-95.2257138,
565,,Calle Leñador,,16.212955,-95.2239103,
566,,Fredy León,,16.2117063,-95.2224514,
567,,Fredy León,,16.2104477,-95.2224128,
568,,Avenida Revolución y José Vasconcelos,,16.2094666,-95.2209088,
569,,Avenida Revolución,,16.2097817,-95.2197041,
570,,Arturo Lona Reyes,,16.2066981,-95.2167423,
571,,Calle Chiapas,,16.2056896,-95.207681,
572,,Calle Chiapas y Benito Juárez,,16.205841,-95.205644,
573,,Innominada,,16.2218267,-95.2078515,
574,,Innominada,,16.2214867,-95.2069764,
575,,Carretera Ramal a Refinería Pemex (Refinería del Pacifico),,16.2213909,-95.2059849,
576,,Carretera Ramal a Refinería Pemex (Refinería del Pacifico),,16.220868,-95.2013813,
577,,Carretera Ramal a Refinería Pemex (Refinería del Pacifico),,16.2205486,-95.198573,
578,,Carretera Ramal a Refinería Pemex (Refinería del Pacifico),,16.2204424,-95.1976222,
579,,Carretera Ramal a Refinería Pemex (Refinería del Pacifico),,16.2203329,-95.1966687,
580,,Carretera Ramal a Refinería Pemex (Refinería del Pacifico),,16.2200606,-95.194275,
581,,Carretera Ramal a Refinería Pemex (Refinería del Pacifico),,16.2198487,-95.1925474,
582,,Carretera Ramal a Refinería Pemex (Refinería del Pacifico),,16.219698,-95.191063,
583,,Carretera Ramal a Refinería Pemex (Refinería del Pacifico),,16.2197336,-95.190293,
584,,Carretera Ramal a Refinería Pemex (Refinería del Pacifico),,16.219846,-95.1913313,
585,,Carretera Ramal a Refinería Pemex (Refinería del Pacifico),,16.2199827,-95.1924938,
586,,Carretera Ramal a Refinería Pemex (Refinería del Pacifico),,16.2201098,-95.1936138,
587,,Carretera Ramal a Refinería Pemex (Refinería del Pacifico),,16.2204384,-95.1965882,
588,,Carretera Ramal a Refinería Pemex (Refinería del Pacifico),,16.2205486,-95.1976121,
589,,Carretera Ramal a Refinería Pemex (Refinería del Pacifico),,16.22066,-95.198561,
590,,Carretera Ramal a Refinería Pemex (Refinería del Pacifico),,16.2208499,-95.200183,
591,,Carretera Ramal a Refinería Pemex (Refinería del Pacifico),,16.2209814,-95.2013063,
592,,Carretera Ramal a Refinería Pemex (Refinería del Pacifico),,16.221103,-95.2023744,
593,,Carretera Ramal a Refinería Pemex (Refinería del Pacifico),,16.2213084,-95.2042995,
594,,Carretera Ramal a Refinería Pemex (Refinería del Pacifico),,16.2219271,-95.2073894,
595,,Innominada,,16.2221241,-95.2084979,
596,,Innominada,,16.2226006,-95.2092737,
597,,Calle el Chamizal,,16.1885075,-95.2021518,
598,,Calle el Chamizal y 25 de Diciembre,,16.1881682,-95.2032012,
599,,Lázaro Cárdenas,,16.1891727,-95.2031395,
600,,Lázaro Cárdenas,,16.1902134,-95.2029276,
601,,15 de Septiembre,,16.1908264,-95.2030939,
602,,15 de Septiembre,,16.1906629,-95.2040072,
603,,15 de Septiembre,,16.1902778,-95.2047964,
604,,Vicente Lombardo Toledano,,16.191021,-95.2052697,
605,,Vicente Lombardo Toledano,,16.1917524,-95.2060544,
606,,Vicente Lombardo Toledano y Adolfo López Mateos,,16.1915599,-95.2072956,
607,,Adolfo López Mateos,,16.1928748,-95.2075477,
608,,Calle 5 de Mayo,,16.1935103,-95.20962,
609,,Calle 5 de Mayo,,16.1939126,-95.2105146,
610,,Calle 5 de Mayo,,16.1943175,-95.2115209,
611,,Calle 5 de Mayo,,16.1944274,-95.2125455,
612,,Calle 5 de Mayo,,16.1945485,-95.2136417,
613,,Calle 5 de Mayo,,16.1943932,-95.2149594,
614,,Calle 5 de Mayo,,16.1944972,-95.2138918,
615,,Calle 5 de Mayo,,16.1945907,-95.2128618,
616,,Calle 5 de Mayo,,16.1943965,-95.2119546,
617,,Calle 5 de Mayo,,16.1941105,-95.2109793,
618,,Calle 5 de Mayo,,16.1936336,-95.2099119,
619,,Carretera Santiago Pinotepa Nacional - Salina Cruz y Calle 5 de Mayo,,16.1930249,-95.2091217,
620,,Adolfo López Mateos,,16.1922998,-95.2074713,
621,,Vicente Lombardo Toledano,,16.1917226,-95.2067319,
622,,Vicente Lombardo Toledano,,16.1915644,-95.2057339,
623,,Vicente Lombardo Toledano,,16.1906846,-95.2052993,
624,,15 de Septiembre,,16.1905534,-95.2043317,
625,,15 de Septiembre,,16.1907434,-95.2034419,
626,,Lázaro Cárdenas,,16.1903976,-95.2028793,
627,,Lázaro Cárdenas,,16.1894967,-95.2031013,
628,,Lázaro Cárdenas,,16.1885214,-95.203277,
629,,Calle el Chamizal,,16.188505,-95.2022181,
630,,Avendia Hidalgo,,16.1814709,-95.2004747,
631,,Avendia Hidalgo y Calle Laborista,,16.1825881,-95.2009072,
632,,Avenida Hidalgo,,16.1833017,-95.2013727,
633,,Avenida Hidalgo,,16.184166,-95.2017606,
634,,Calle Constancia,,16.1845225,-95.2022471,
635,,Belisario Domínguez y Calle Primero de Mayo,,16.1833174,-95.2026234,
636,,Álvaro Obregón,,16.1836124,-95.2033507,
637,,Álvaro Obregón,,16.1848285,-95.2035539,
638,,Oleoducto Uno,,16.1859903,-95.2038637,
639,,Tocuela,,16.1868461,-95.2037812,
640,,Tocuela,,16.1874637,-95.2046965,
641,,Oleoducto,,16.1872569,-95.2054886,
642,,Oleoducto,,16.1863354,-95.2054606,
643,,Oleoducto,,16.1864308,-95.2054596,
644,,Oleoducto,,16.1873955,-95.2055004,
645,,Tocuela,,16.1874064,-95.2044672,
646,,Tocuela,,16.1868026,-95.2036973,
647,,Álvaro Obregón y Oleoducto Uno,,16.185345,-95.2039361,
648,,Álvaro Obregón,,16.1844099,-95.2036303,
649,,Calle Primero de Mayo y Álvaro Obregón,,16.1831349,-95.2031596,
650,,Belisario Domínguez,,16.1841127,-95.2028485,
651,,Calle Constancia,,16.1845904,-95.2020412,
652,,Avenida Hidalgo,,16.1838001,-95.2015945,
653,,Avenida Hidalgo,,16.1829627,-95.2010592,
654,,Avendia Hidalgo,,16.1821023,-95.2008018,
655,,Avendia Hidalgo,,16.1809696,-95.2004049,
656,,Avendia Hidalgo,,16.1794555,-95.1998463,
657,,Avendia Hidalgo,,16.1783866,-95.199445,
658,,Avendia Hidalgo,,16.1773416,-95.1990313,
659,,Calle Progreso,,16.1780459,-95.1968898,
660,,Avenida 5 de Mayo,,16.1772906,-95.1920772,
661,,Avenida 5 de Mayo y Calle Acapulco,,16.1762646,-95.1916895,
662,,Avenida 5 de Mayo,,16.1752614,-95.191327,
663,,Avenida 5 de Mayo,,16.1741764,-95.1909048,
664,,Avenida 5 de Mayo,,16.1731553,-95.1904942,
665,,Avenida 5 de Mayo,,16.1721056,-95.1900917,
666,,Avenida 5 de Mayo y Avenida Tampico,,16.1712195,-95.1897633,
667,,Avenida Tampico y Avenida Bahía de la Ventosa,,16.1715731,-95.1884772,
668,,Avenida Bahía de la Ventosa,,16.1738349,-95.185088,
669,,Avenida Bahía de la Ventosa,,16.1749078,-95.1848515,
670,,Avenida Bahía de la Ventosa,,16.179204,-95.1842849,
671,,Avenida Bahía de la Ventosa,,16.1801468,-95.1844659,
672,,Avenida Bahía de la Ventosa,,16.182373,-95.1851385,
673,,Avenida Bahía de la Ventosa,,16.183359,-95.1851794,
674,,Avenida Bahía de la Ventosa,,16.1882044,-95.1844302,
675,,Boca del Río,,16.190509,-95.1835748,
676,,Boca del Río,,16.191518,-95.182685,
677,,Boca del Río,,16.192341,-95.1815654,
678,,Boca del Río,,16.1939071,-95.1796326,
679,,Boca del Río,,16.1959955,-95.176922,
680,,Boca del Río,,16.1987771,-95.1725198,
681,,Boca del Río,,16.2004663,-95.169803,
682,,Boca del Río,,16.2016097,-95.1679675,
683,,Boca del Río,,16.2032218,-95.1653794,
684,,Boca del Río,,16.2037638,-95.164509,
685,,Boca del Río,,16.2046826,-95.1639416,
686,,Boca del Río,,16.2058226,-95.1633746,
687,,Boca del Río,,16.2066407,-95.1628882,
688,,Calle Juan Mendoza,,16.2064482,-95.1606721,
689,,Innominada,,16.2068111,-95.1614176,
690,,Boca del Río,,16.2038436,-95.1644272,
691,,Boca del Río,,16.1943798,-95.1789701,
692,,Boca del Río,,16.1908136,-95.1834266,
693,,Boca del Río,,16.1896776,-95.1839429,
694,,Boca del Río,,16.1887799,-95.1842581,
695,,Avenida Bahía de la Ventosa,,16.187747,-95.1845678,
696,,Avenida Bahía de la Ventosa,,16.1866407,-95.1845545,
697,,Avenida Bahía de la Ventosa,,16.1857056,-95.1845759,
698,,Avenida Bahía de la Ventosa,,16.1848955,-95.1850078,
699,,Avenida Bahía de la Ventosa,,16.1827755,-95.1851499,
700,,Avenida Bahía de la Ventosa,,16.1808353,-95.1846782,
701,,Avenida Bahía de la Ventosa y Del Panteón,,16.1718339,-95.1881848,
702,,Avenida Tampico,,16.1714385,-95.1890083,
703,,Avenida 5 de Mayo,,16.1715237,-95.1897937,
704,,Calle Progreso,,16.179366,-95.1929944,
705,,Lomas de Oriente,,16.1859149,-95.1950325,
706,,Lomas de Oriente,,16.1866882,-95.1956389,
707,,Avenida 5 de Mayo,,16.1885288,-95.1963253,
708,,Avenida 5 de Mayo,,16.1893724,-95.1958258,
709,,Avenida 5 de Mayo,,16.1906762,-95.1950468,
710,,Avenida 5 de Mayo,,16.1918716,-95.1945236,
711,,Avenida 5 de Mayo,,16.1929657,-95.1942292,
712,,Avenida 5 de Mayo,,16.1939329,-95.1936069,
713,,Avenida 5 de Mayo,,16.195611,-95.1928854,
714,,Avenida 5 de Mayo y Camino Viejo a la Ventosa,,16.1966323,-95.1924697,
715,,Camino Viejo a la Ventosa,,16.1969624,-95.1934452,
716,,Avenida Francisco Villa,,16.1994913,-95.1943713,
717,,Avenida Francisco Villa,,16.2006781,-95.1942694,
718,,Avenida Francisco Villa,,16.2027954,-95.1941142,
719,,Avenida Francisco Villa,,16.2023447,-95.1941668,
720,,Avenida Francisco Villa,,16.2012728,-95.1942139,
721,,Avenida Francisco Villa,,16.2002693,-95.1943092,
722,,Avenida Francisco Villa,,16.1976523,-95.1944987,
723,,Avenida 5 de Mayo,,16.1957011,-95.1928478,
724,,Avenida 5 de Mayo,,16.1947301,-95.193226,
725,,Avenida 5 de Mayo,,16.1936946,-95.1937678,
726,,Avenida 5 de Mayo,,16.1925486,-95.1943176,
727,,Avenida 5 de Mayo,,16.1913365,-95.1946583,
728,,Avenida 5 de Mayo,,16.1888302,-95.1959981,
729,,Avenida 5 de Mayo,,16.188097,-95.1965794,
730,,Lomas de Oriente,,16.1864293,-95.1954224,
731,,Lomas de Oriente,,16.1856502,-95.1948635,
732,,Calle Benito Juárez,,16.1842168,-95.1942453,
733,,Calle Benito Juárez y Calle Tuxpan,,16.1828515,-95.1937243,
734,,Avenida 5 de Mayo,,16.1816073,-95.193729,
735,,Avenida 5 de Mayo,,16.180552,-95.1933288,
736,,Calle Progreso y Avenida 5 de Mayo,,16.179484,-95.1929177,
737,,Avenida Tampico y Calle Acapulco,,16.175463,-95.1938306,
738,,Avenida Manuel Ávila Camacho y Calle Acapulco,,16.1758383,-95.1927643,
739,,Calle Acapulco,,16.1762356,-95.1917822,
740,,Del Panteón y Prolongación Oriente de Playa Abierta,,16.1719009,-95.1875022,
741,,Prolongación Oriente de Playa Abierta,,16.1713818,-95.1860002,
742,,Prolongación Oriente de Playa Abierta,,16.1709109,-95.1846644,
743,,Prolongación Oriente de Playa Abierta,,16.1705652,-95.1837015,
744,,Prolongación Oriente de Playa Abierta,,16.1700539,-95.182355,
745,,Prolongación Oriente de Playa Abierta,,16.1693776,-95.1811293,
746,,Prolongación Oriente de Playa Abierta,,16.1690208,-95.180212,
747,,Oriente de Playa Abierta Benito Juárez,,16.1697834,-95.1794127,
748,,Oriente de Playa Abierta Benito Juárez,,16.1697041,-95.1782565,
749,,Oriente de Playa Abierta Benito Juárez,,16.1694555,-95.1771983,
750,,Avenida Benito Juárez,,16.1684243,-95.1753669,
751,,Avenida Benito Juárez,,16.1680916,-95.174467,
752,,Avenida Benito Juárez,,16.1678694,-95.1735045,
753,,Avenida Benito Juárez,,16.1689101,-95.1766956,
754,,Oriente de Playa Abierta Benito Juárez,,16.1696056,-95.1773366,
755,,Oriente de Playa Abierta Benito Juárez,,16.1697171,-95.1787283,
756,,Oriente de Playa Abierta Benito Juárez,,16.1696237,-95.1796299,
757,,Prolongación Oriente de Playa Abierta,,16.1690509,-95.1803203,
758,,Prolongación Oriente de Playa Abierta,,16.169643,-95.1815893,
759,,Prolongación Oriente de Playa Abierta y Del Panteón,,16.1712354,-95.1856389,
760,,Del Panteón,,16.1720729,-95.186345,
761,,Del Panteón,,16.171944,-95.1875906,
762,,Avenida 5 de Mayo,,16.1721292,-95.1900248,
763,,Calle Coatzacoalcos y Avenida Puerto Ángel,,16.1755737,-95.1902126,
764,,Calle Acapulco,,16.1763825,-95.1913416,
765,,Calle Mazatlán,,16.1772828,-95.1923306,
766,,Calle Mazatlán,,16.1767643,-95.1937925,
767,,Calle Progreso y Transístmica,,16.1786087,-95.1953113,
768,,20 de Noviembre,,16.1767015,-95.1976556,
769,,Calle Virgilio Uribe,,16.1755423,-95.1976715,
770,,Calle Virgilio Uribe,,16.1744837,-95.19784,
771,,Calzada Teniente José Azueta,,16.1735001,-95.1981252,
772,,Calzada Teniente José Azueta,,16.1727691,-95.1989707,
773,,Calzada Teniente José Azueta,,16.1725887,-95.1999979,
774,,Calzada Teniente José Azueta,,16.1727343,-95.2012351,
775,,Calzada Teniente José Azueta,,16.1730692,-95.2022865,
776,,Calle Las Pilas,,16.1742129,-95.2038945,
777,,Calle Las Pilas,,16.1752781,-95.2043787,
778,,Calle Las Pilas,,16.176238,-95.204824,
779,,Josefa Ortiz de Domínguez,,16.1773646,-95.2053635,
780,,Josefa Ortiz de Domínguez,,16.178307,-95.205525,
781,,El Pedregal,,16.1792478,-95.2055924,
782,,El Pedregal,,16.1801558,-95.2051388,
783,,Las Águilas,,16.1801022,-95.2043217,
784,,Lázaro Cárdenas y Jalisco,,16.1791558,-95.2040762,
785,,Jalisco,,16.1784418,-95.2026848,
786,,Jalisco,,16.1777669,-95.2019746,
787,,Trujano y Benito Juárez,,16.1776469,-95.2010641,
788,,Balisas,,16.1756323,-95.2005941,
789,,Balisas,,16.1747619,-95.1997986,
790,,Balisas,,16.1736634,-95.1997173,
791,,Balisas,,16.1741883,-95.1995821,
792,,Jalisco y Trujano,,16.1775348,-95.2017824,
793,,Jalisco,,16.1784002,-95.2026039,
794,,Jalisco,,16.1788939,-95.2035403,
795,,Las Águilas y Lázaro Cárdenas,,16.1798478,-95.2040515,
796,,El Pedregal y Las Águilas,,16.1803509,-95.205024,
797,,El Pedregal,,16.1795216,-95.2054423,
798,,El Pedregal,,16.178845,-95.2063602,
799,,El Pedregal y Calle Las Pilas,,16.178605,-95.2072465,
800,,Calle Las Pilas,,16.1778014,-95.2063597,
801,,Calle Las Pilas,,16.1770154,-95.2057524,
802,,Calle Las Pilas,,16.1763691,-95.205005,
803,,Calle Las Pilas,,16.1756014,-95.2044425,
804,,Oleoducto,,16.1744639,-95.2042383,
805,,Oleoducto,,16.1735522,-95.2041842,
806,,Innominada,,16.173131,-95.2031208,
807,,Calle Guaymas y Avenida Tampico,,16.1775943,-95.1946155,
808,,Avenida Tampico y Calle Progreso,,16.1786558,-95.1950213,
809,,Calle Venustiano Carranza,,16.173029,-95.204937,
810,,Calle Francisco Villa,,16.172917,-95.2057991,
811,,Calle Francisco Villa,,16.1740227,-95.2063588,
812,,El Roble,,16.174742,-95.2062311,
813,,El Roble,,16.1749172,-95.2059402,
814,,El Roble,,16.1756553,-95.2065288,
815,,El Roble,,16.1761782,-95.2072866,
816,,El Roble,,16.17644,-95.2083833,
817,,El Roble,,16.1768234,-95.2094406,
818,,El Roble,,16.1761888,-95.207406,
819,,El Roble,,16.175711,-95.2066406,
820,,Calle Francisco Villa,,16.1729906,-95.2058713,
821,,Innominada,,16.1731722,-95.2040273,
822,,Carretera Acceso al Puerto Salina Cruz y Calzada Teniente José Azueta,,16.1729821,-95.2024397,
823,,Calzada Teniente José Azueta,,16.1726725,-95.2014712,
824,,Calzada Teniente José Azueta,,16.1724818,-95.1999236,
825,,Calzada Teniente José Azueta,,16.1724187,-95.1989365,
826,,Calzada Teniente José Azueta,,16.1730099,-95.198054,
827,,Calle Virgilio Uribe,,16.1736906,-95.1976959,
828,,Calle Virgilio Uribe,,16.174746,-95.1977984,
829,,Calle Virgilio Uribe,,16.1759999,-95.1975864,
830,,Calle Virgilio Uribe,,16.1772939,-95.1972963,
831,,Calle Mazatlán,,16.177455,-95.1918455,
832,,Avenida Manuel Ávila Camacho y Calle Tuxpan,,16.1822945,-95.1951706,
833,,Avenida Francisco Villa,,16.1996806,-95.1943579,
834,,Calle Progreso y Avenida 5 de Mayo,,16.1794132,-95.1928799,
835,,Avenida Bahía de la Ventosa,,16.1889789,-95.1837927,
836,,Avenida Bahía de la Ventosa,,16.1887207,-95.1806223,
837,,Bahía la Ventosa,,16.1881336,-95.172585,
838,,Bahía la Ventosa,,16.1876646,-95.1715431,
839,,Bahía la Ventosa,,16.1862524,-95.1697158,
840,,Bahía la Ventosa,,16.1856329,-95.1690359,
841,,Bahía la Ventosa,,16.1845412,-95.167757,
842,,Bahía la Ventosa,,16.1832896,-95.1661509,
843,,Bahía la Ventosa,,16.1804765,-95.1644151,
844,,Bahía la Ventosa,,16.1795574,-95.1638077,
845,,Bahía la Ventosa,,16.1791175,-95.1621459,
846,,Bahía la Ventosa,,16.1798505,-95.1613212,
847,,Bahía la Ventosa,,16.178997,-95.1593741,
848,,Bahía la Ventosa,,16.1780132,-95.158818,
849,,Bahía la Ventosa,,16.1768963,-95.158174,
850,,Bahía la Ventosa,,16.1760625,-95.1576921,
851,,Bahía la Ventosa,,16.1757875,-95.1573374,
852,,Bahía la Ventosa,,16.1773376,-95.1584261,
853,,Bahía la Ventosa,,16.1783474,-95.1590118,
854,,Bahía la Ventosa,,16.1799493,-95.1607826,
855,,Bahía la Ventosa,,16.1790477,-95.1626355,
856,,Bahía la Ventosa,,16.1800541,-95.1641315,
857,,Bahía la Ventosa,,16.1818018,-95.1647115,
858,,Bahía la Ventosa,,16.1861024,-95.1695562,
859,,Avenida Bahía de la Ventosa y Bahía la Ventosa,,16.1885179,-95.1736292,
860,,Avenida Bahía de la Ventosa,,16.1890369,-95.183674,
861,,Avenida Bahía de la Ventosa,,16.1883659,-95.1843781,
862,,Avenida Bahía de la Ventosa,,16.1844718,-95.1851633,
863,,Avenida Bahía de la Ventosa,,16.18242,-95.1851419,
864,,Calle Puebla,,16.2091668,-95.2195492,
865,,Calle Independencia,,16.2133226,-95.2264107,
866,,Calle Leñador,,16.2119509,-95.2207904,
867,,Avenida 5 de Mayo y Calle Guaymas,,16.1784187,-95.1925103,
868,,Avenida 5 de Mayo,,16.1773629,-95.1921049,
869,,Avenida Manuel Ávila Camacho y Calle Guaymas,,16.1780535,-95.1935294,
870,,Calle Manzanillo y Avenida Tampico,,16.1797933,-95.1954614,
871,,Avenida Tampico,,16.1806137,-95.1959123,
872,,Avenida Tampico,,16.1812308,-95.1968709,
873,,Avenida Tampico,,16.1817812,-95.1977965,
874,,Avenida Tampico,,16.1832431,-95.199253,
875,,18 de Marzo,,16.1985802,-95.2009612,
876,,18 de Marzo,,16.2010496,-95.1996848,
877,,Avenida Oleoducto,,16.2058487,-95.1972261,
878,,Avenida Oleoducto,,16.2082283,-95.1959747,
879,,Avenida Oleoducto,,16.2091494,-95.1954998,
880,,Avenida Oleoducto,,16.210391,-95.1948596,
881,,Avenida Oleoducto,,16.2114892,-95.1942973,
882,,Avenida Carlos A. Madrazo,,16.2128975,-95.194896,
883,,Avenida Carlos A. Madrazo,,16.2131577,-95.1958866,
884,,2 de Octubre,,16.2143483,-95.1965638,
885,,2 de Octubre y Pípila,,16.2153108,-95.1963504,
886,,Pípila,,16.2155178,-95.1973581,
887,,Pípila y Salina Cruz,,16.2157293,-95.1983678,
888,,Salina Cruz,,16.2150083,-95.1985289,
889,,Salina Cruz,,16.214757,-95.1985851,
890,,Salina Cruz,,16.2137822,-95.1987451,
891,,Avenida Santa Cruz,,16.2123415,-95.1988963,
892,,Artículo 123,,16.2115247,-95.1990505,
893,,Artículo 123 y Francisco I. Madero,,16.2114889,-95.2006781,
894,,Francisco I. Madero,,16.2097817,-95.2005404,
895,,Miguel Hidalgo,,16.2038816,-95.2014792,
896,,Carretera Super Transístmica y Miguel Hidalgo,,16.2035699,-95.2027653,
897,,Calle Tuxpan,,16.1815159,-95.1971152,
898,,Calle Tuxpan,,16.1820393,-95.195639,
899,,Calle Guaymas,,16.1780063,-95.193661,
900,,Calle Guaymas,,16.1776867,-95.1945531,
901,,Transístmica,,16.1755255,-95.1941454,
902,,Innominada,,16.174922,-95.1950157,
903,,Calzada Teniente José Azueta,,16.1745401,-95.1958935,
904,,Calzada Teniente José Azueta,,16.1741196,-95.1970502,
905,,Calzada Teniente José Azueta,,16.1736194,-95.1979863,
906,,Calzada Teniente José Azueta,,16.1714025,-95.2048145,
907,,Calzada Teniente José Azueta,,16.1705517,-95.204496,
908,,Calzada Teniente José Azueta,,16.1671383,-95.202425,
909,,Calzada Teniente José Azueta,,16.1659782,-95.2026323,
910,,Calzada Teniente José Azueta,,16.1650021,-95.2028163,
911,,Calzada Teniente José Azueta,,16.1641818,-95.2033334,
912,,Calzada Teniente José Azueta,,16.1624323,-95.205819,
913,,Calzada Teniente José Azueta,,16.1629524,-95.2132016,
914,,Calzada Teniente José Azueta,,16.1634435,-95.2153677,
915,,Calzada Teniente José Azueta,,16.1637654,-95.2183139,
916,,Calzada Teniente José Azueta,,16.1635058,-95.2195408,
917,,Calzada Teniente José Azueta,,16.1632609,-95.2206497,
918,,Calzada Teniente José Azueta,,16.1630524,-95.2215712,
919,,Calzada Teniente José Azueta,,16.1628332,-95.2229193,
920,,Calzada Teniente José Azueta,,16.1626163,-95.2243749,
921,,Calzada Teniente José Azueta,,16.1624204,-95.2257617,
922,,Calzada Teniente José Azueta,,16.1621812,-95.2270259,
